"name","store","total_profit","total_in_app_revenue","total_marketing_expense","rights_purchase_expense","lifespan_months","app_store_rating","play_store_rating","weighted_avg_rating","app_store_review_count","play_store_review_count","app_store_price","play_store_price","weighted_avg_price","app_store_content_rating","play_store_content_rating","app_store_primary_genre","play_store_category","play_store_genres"
"aa","both",431000.0,570000,114000,25000.0,114,4.5,4.2,4.25,158845,886418,0.0,0.0,0.0,"4+","Everyone","Games","FAMILY","Strategy"
"Adobe Illustrator Draw","both",455000.0,600000,120000,25000.0,120,4.5,4.4,4.4,3215,65766,0.0,0.0,0.0,"4+","Everyone","Productivity","PHOTOGRAPHY","Photography"
"ADP Mobile Solutions","both",431000.0,570000,114000,25000.0,114,4.0,4.3,4.27,8324,85185,0.0,0.0,0.0,"4+","Everyone","Business","BUSINESS","Business"
"Afterlight","both",431000.0,570000,114000,25000.0,114,4.5,4.3,4.34,14057,50893,0.99,0.0,0.21,"4+","Everyone","Photo & Video","PHOTOGRAPHY","Photography"
"Agar.io","both",431000.0,570000,114000,25000.0,114,4.5,4.2,4.21,176514,3816799,0.0,0.0,0.0,"9+","Everyone","Games","GAME","Action"
"Airbnb","both",455000.0,600000,120000,25000.0,120,4.0,4.4,4.38,22302,359560,0.0,0.0,0.0,"4+","Everyone","Travel","TRAVEL_AND_LOCAL","Travel & Local"
"AirWatch Agent","both",311000.0,420000,84000,25000.0,84,2.5,3.1,3.07,1150,20973,0.0,0.0,0.0,"4+","Everyone","Business","BUSINESS","Business"
"AJ Jump: Animal Jam Kangaroos!","both",455000.0,600000,120000,25000.0,120,4.5,4.4,4.42,834,2975,1.99,1.99,1.99,"4+","Everyone","Games","GAME","Arcade"
"Alizay, pirate girl","both",450100.0,600000,120000,29900.0,120,4.5,4.5,4.5,14,197,2.99,2.99,2.99,"4+","Everyone","Book","FAMILY","Casual;Action & Adventure"
"Allrecipes Dinner Spinner","both",383000.0,510000,102000,25000.0,102,3.5,4.5,3.86,109349,61881,0.0,0.0,0.0,"12+","Everyone","Food & Drink","FOOD_AND_DRINK","Food & Drink"
"Alto's Adventure","both",455000.0,600000,120000,25000.0,120,4.5,4.6,4.6,7824,515657,4.99,0.0,0.07,"9+","Everyone","Games","GAME","Action"
"Amazon Prime Video","both",431000.0,570000,114000,25000.0,114,4.0,4.2,4.18,43667,411683,0.0,0.0,0.0,"12+","Teen","Entertainment","ENTERTAINMENT","Entertainment"
"AMC","both",311000.0,420000,84000,25000.0,84,2.0,3.2,3.04,3105,20843,0.0,0.0,0.0,"12+","Teen","Entertainment","FAMILY","Entertainment"
"Amex Mobile","both",431000.0,570000,114000,25000.0,114,4.0,4.3,4.21,11421,24729,0.0,0.0,0.0,"4+","Everyone","Finance","FINANCE","Finance"
"AnatomyMapp","both",293265.05,540000,108000,138734.95,108,3.5,4.1,3.97,23,80,9.99,14.99,13.87,"4+","Everyone","Medical","MEDICAL","Medical"
"Angry Birds 2","both",455000.0,600000,120000,25000.0,120,4.0,4.6,4.58,109104,3883589,0.0,0.0,0.0,"4+","Everyone","Games","GAME","Casual"
"Angry Birds Blast","both",455000.0,600000,120000,25000.0,120,4.5,4.6,4.59,24878,253115,0.0,0.0,0.0,"4+","Everyone","Games","FAMILY","Puzzle"
"Angry Birds Epic RPG","both",455000.0,600000,120000,25000.0,120,4.5,4.5,4.5,84680,2634605,0.0,0.0,0.0,"4+","Everyone","Games","FAMILY","Role Playing"
"Angry Birds Friends","both",431000.0,570000,114000,25000.0,114,4.0,4.2,4.19,23655,829753,0.0,0.0,0.0,"4+","Everyone","Games","GAME","Arcade"
"Angry Birds Go!","both",431000.0,570000,114000,25000.0,114,4.0,4.2,4.2,75793,3846378,0.0,0.0,0.0,"4+","Everyone","Games","GAME","Racing"
"Angry Birds Rio","both",455000.0,600000,120000,25000.0,120,4.5,4.4,4.41,170843,2610680,0.0,0.0,0.0,"4+","Everyone","Games","GAME","Arcade"
"Angry Birds Space HD","both",431000.0,570000,114000,25000.0,114,4.0,4.5,4.26,39502,43645,0.0,0.0,0.0,"4+","Everyone","Games","GAME","Arcade"
"Angry Birds Star Wars","both",431000.0,570000,114000,25000.0,114,4.5,4.3,4.31,34138,1218055,0.0,0.0,0.0,"4+","Everyone","Games","GAME","Arcade"
"Animal Jam - Play Wild!","both",455000.0,600000,120000,25000.0,120,4.5,4.6,4.59,26990,361970,0.0,0.0,0.0,"9+","Everyone","Games","FAMILY","Casual;Pretend Play"
"Ao Oni2","both",407000.0,540000,108000,25000.0,108,4.0,4.1,4.1,7,21223,0.0,0.0,0.0,"12+","Teen","Games","GAME","Adventure"
"Army of Heroes","both",455000.0,600000,120000,25000.0,120,4.5,4.5,4.5,1235,85015,0.0,0.0,0.0,"12+","Everyone 10+","Games","FAMILY","Strategy"
"ASOS","both",479000.0,630000,126000,25000.0,126,5.0,4.7,4.72,9725,181823,0.0,0.0,0.0,"4+","Everyone","Shopping","SHOPPING","Shopping"
"Asphalt 8: Airborne","both",455000.0,600000,120000,25000.0,120,4.5,4.5,4.5,188568,8389714,0.0,0.0,0.0,"12+","Teen","Games","GAME","Racing"
"Assassin's Creed Identity","both",383000.0,510000,102000,25000.0,102,4.0,3.7,3.72,3517,42529,4.99,1.99,2.22,"12+","Teen","Games","GAME","Action"
"Bad Piggies","both",431000.0,570000,114000,25000.0,114,4.5,4.3,4.3,26259,1168959,0.0,0.0,0.0,"4+","Everyone","Games","FAMILY","Puzzle"
"Bad Piggies HD","both",455000.0,600000,120000,25000.0,120,4.5,4.4,4.4,19018,764967,0.0,0.0,0.0,"4+","Everyone","Games","FAMILY","Puzzle"
"Baldur's Gate: Enhanced Edition","both",380100.0,600000,120000,99900.0,120,4.0,4.5,4.47,1454,20101,9.99,9.99,9.99,"12+","Teen","Games","FAMILY","Role Playing"
"Battlefield™ Companion","both",407000.0,540000,108000,25000.0,108,2.5,4.0,4.0,689,263907,0.0,0.0,0.0,"12+","Everyone 10+","Social Networking","GAME","Action"
"Battleheart Legacy","both",430100.0,600000,120000,49900.0,120,4.5,4.6,4.57,3376,7420,4.99,4.99,4.99,"12+","Teen","Games","FAMILY","Role Playing"
"Bejeweled Blitz","both",407000.0,540000,108000,25000.0,108,4.0,4.2,4.1,221002,222664,0.0,0.0,0.0,"4+","Everyone","Games","FAMILY","Puzzle"
"Bejeweled Classic","both",455000.0,600000,120000,25000.0,120,4.5,4.4,4.45,183259,203101,0.0,0.0,0.0,"4+","Everyone","Games","FAMILY","Casual"
"Best Buy","both",431000.0,570000,114000,25000.0,114,4.0,4.4,4.28,80424,186116,0.0,0.0,0.0,"4+","Everyone","Shopping","SHOPPING","Shopping"
"BET NOW - Watch Shows","both",407000.0,540000,108000,25000.0,108,2.5,4.2,4.1,967,14807,0.0,0.0,0.0,"17+","Teen","Entertainment","ENTERTAINMENT","Entertainment"
"Bible","both",479000.0,630000,126000,25000.0,126,4.5,4.7,4.64,985920,2440695,0.0,0.0,0.0,"4+","Teen","Reference","BOOKS_AND_REFERENCE","Books & Reference"
"Bike Unchained","both",431000.0,570000,114000,25000.0,114,4.0,4.3,4.3,629,83545,0.0,0.0,0.0,"4+","Everyone","Games","SPORTS","Sports"
"Bloons TD 5","both",450100.0,600000,120000,29900.0,120,4.5,4.6,4.58,42078,190086,2.99,2.99,2.99,"9+","Everyone","Games","FAMILY","Strategy"
"Boom Beach","both",455000.0,600000,120000,25000.0,120,4.5,4.5,4.5,241929,5591653,0.0,0.0,0.0,"9+","Everyone 10+","Games","FAMILY","Strategy"
"Boomerang from Instagram","both",455000.0,600000,120000,25000.0,120,3.5,4.4,4.4,2373,928720,0.0,0.0,0.0,"4+","Everyone","Photo & Video","PHOTOGRAPHY","Photography"
"Bullet Force","both",455000.0,600000,120000,25000.0,120,4.5,4.5,4.5,9289,634159,0.0,0.0,0.0,"17+","Teen","Games","GAME","Action"
"Call of Duty®: Heroes","both",455000.0,600000,120000,25000.0,120,4.5,4.4,4.41,179416,1604146,0.0,0.0,0.0,"12+","Teen","Games","GAME","Action"
"Can Knockdown 3","both",407000.0,540000,108000,25000.0,108,4.5,4.1,4.1,1135,349503,1.99,0.0,0.01,"4+","Everyone","Games","GAME","Arcade"
"Candy Crush Jelly Saga","both",431000.0,570000,114000,25000.0,114,4.0,4.3,4.29,32395,1300619,0.0,0.0,0.0,"4+","Everyone","Games","GAME","Puzzle"
"Candy Crush Saga","both",455000.0,600000,120000,25000.0,120,4.5,4.4,4.4,961794,22430188,0.0,0.0,0.0,"4+","Everyone","Games","GAME","Casual"
"Candy Crush Soda Saga","both",455000.0,600000,120000,25000.0,120,4.5,4.4,4.4,133394,6199095,0.0,0.0,0.0,"4+","Everyone","Games","GAME","Casual"
"Cartoon Wars 3","both",407000.0,540000,108000,25000.0,108,4.0,4.1,4.1,979,137674,0.0,0.0,0.0,"12+","Teen","Games","FAMILY","Role Playing"
"Chase Mobile","both",455000.0,600000,120000,25000.0,120,4.5,4.6,4.6,34322,1374549,0.0,0.0,0.0,"4+","Everyone","Finance","FINANCE","Finance"
"Chick-fil-A","both",431000.0,570000,114000,25000.0,114,3.5,4.3,4.17,5665,28009,0.0,0.0,0.0,"4+","Everyone","Food & Drink","FOOD_AND_DRINK","Food & Drink"
"Choices: Stories You Play","both",455000.0,600000,120000,25000.0,120,4.5,4.6,4.6,33698,807338,0.0,0.0,0.0,"12+","Teen","Games","GAME","Simulation"
"Citi Mobile®","both",383000.0,510000,102000,25000.0,102,3.5,4.0,3.81,48822,78306,0.0,0.0,0.0,"4+","Everyone","Finance","FINANCE","Finance"
"Clash of Clans","both",455000.0,600000,120000,25000.0,120,4.5,4.6,4.6,2130805,44893888,0.0,0.0,0.0,"9+","Everyone 10+","Games","GAME","Strategy"
"Clash Royale","both",455000.0,600000,120000,25000.0,120,4.5,4.6,4.6,266921,23136735,0.0,0.0,0.0,"9+","Everyone 10+","Games","GAME","Strategy"
"ClassDojo","both",455000.0,600000,120000,25000.0,120,4.5,4.4,4.42,35440,148550,0.0,0.0,0.0,"4+","Everyone","Education","EDUCATION","Education;Education"
"Cooking Fever","both",455000.0,600000,120000,25000.0,120,4.5,4.5,4.5,107797,3198176,0.0,0.0,0.0,"4+","Everyone","Games","GAME","Arcade"
"Crazy Freekick","both",407000.0,540000,108000,25000.0,108,4.5,3.9,3.9,228,47688,0.0,0.0,0.0,"4+","Everyone","Games","SPORTS","Sports"
"Cytus","both",479000.0,630000,126000,25000.0,126,5.0,4.7,4.7,7925,541732,1.99,0.0,0.03,"4+","Everyone","Games","GAME","Music"
"DB Navigator","both",407000.0,540000,108000,25000.0,108,3.5,4.0,4.0,512,119685,0.0,0.0,0.0,"4+","Everyone","Travel","MAPS_AND_NAVIGATION","Maps & Navigation"
"Deck Heroes: Legacy","both",479000.0,630000,126000,25000.0,126,4.0,4.7,4.7,494,466495,0.0,0.0,0.0,"17+","Teen","Games","GAME","Card"
"Design Home","both",455000.0,600000,120000,25000.0,120,4.5,4.4,4.4,23298,539931,0.0,0.0,0.0,"4+","Everyone","Games","FAMILY","Simulation"
"diep.io","both",407000.0,540000,108000,25000.0,108,4.0,4.1,4.1,9397,347883,0.0,0.0,0.0,"9+","Everyone","Games","GAME","Action"
"DIRECTV","both",407000.0,540000,108000,25000.0,108,3.5,4.1,3.95,81006,235486,0.0,0.0,0.0,"4+","Teen","Entertainment","FAMILY","Entertainment"
"Discord - Chat for Gamers","both",455000.0,600000,120000,25000.0,120,4.5,4.5,4.5,9152,305347,0.0,0.0,0.0,"4+","Teen","Social Networking","COMMUNICATION","Communication"
"Disney Crossy Road","both",455000.0,600000,120000,25000.0,120,4.5,4.5,4.5,38571,514088,0.0,0.0,0.0,"4+","Everyone","Games","FAMILY","Arcade;Action & Adventure"
"Does not Commute","both",407000.0,540000,108000,25000.0,108,4.0,4.0,4.0,5645,154108,0.0,0.0,0.0,"4+","Everyone","Games","GAME","Racing"
"Domino's Pizza USA","both",479000.0,630000,126000,25000.0,126,5.0,4.7,4.76,258624,1032935,0.0,0.0,0.0,"4+","Everyone","Food & Drink","FOOD_AND_DRINK","Food & Drink"
"Don't Starve: Pocket Edition","both",406100.0,570000,114000,49900.0,114,4.0,4.4,4.33,3742,17988,4.99,4.99,4.99,"9+","Teen","Games","GAME","Adventure"
"Don't Starve: Shipwrecked","both",382100.0,540000,108000,49900.0,108,3.5,4.1,3.95,495,1468,4.99,4.99,4.99,"9+","Teen","Games","GAME","Adventure"
"Doodle Jump","both",431000.0,570000,114000,25000.0,114,4.5,4.3,4.35,395261,1083571,0.99,0.0,0.26,"4+","Everyone","Games","GAME","Arcade"
"DoorDash - Food Delivery","both",455000.0,600000,120000,25000.0,120,4.5,4.5,4.5,25947,104504,0.0,0.0,0.0,"4+","Everyone","Food & Drink","FOOD_AND_DRINK","Food & Drink"
"Dr. Panda & Toto's Treehouse","both",440100.0,600000,120000,39900.0,120,4.5,4.4,4.41,455,3397,3.99,3.99,3.99,"4+","Everyone","Entertainment","FAMILY","Casual;Pretend Play"
"Dr. Panda Farm","both",402100.0,540000,108000,29900.0,108,4.0,4.1,4.09,28,265,2.99,2.99,2.99,"4+","Everyone","Education","FAMILY","Education;Pretend Play"
"Dr. Panda Hospital","both",426100.0,570000,114000,29900.0,114,4.0,4.4,4.3,372,1091,2.99,2.99,2.99,"4+","Everyone","Education","FAMILY","Education;Pretend Play"
"Dr. Panda Supermarket","both",426100.0,570000,114000,29900.0,114,4.0,4.2,4.16,342,1357,2.99,2.99,2.99,"4+","Everyone","Education","FAMILY","Educational;Pretend Play"
"DRAGON BALL Z DOKKAN BATTLE","both",407000.0,540000,108000,25000.0,108,4.0,4.1,4.1,5362,650114,0.0,0.0,0.0,"9+","Teen","Games","GAME","Action"
"Dragon Hills","both",455000.0,600000,120000,25000.0,120,4.5,4.5,4.5,5508,354373,1.99,0.0,0.03,"9+","Everyone 10+","Games","GAME","Action"
"DRAGON QUEST","both",426100.0,570000,114000,29900.0,114,4.5,4.2,4.21,419,9659,2.99,2.99,2.99,"9+","Everyone","Games","FAMILY","Role Playing"
"Driving Zone","both",431000.0,570000,114000,25000.0,114,4.0,4.2,4.2,298,51791,0.0,0.0,0.0,"4+","Everyone","Games","GAME","Racing"
"Dropbox","both",455000.0,600000,120000,25000.0,120,3.5,4.4,4.38,49578,1861310,0.0,0.0,0.0,"4+","Everyone","Productivity","PRODUCTIVITY","Productivity"
"Dubsmash","both",431000.0,570000,114000,25000.0,114,4.5,4.2,4.2,20243,1971777,0.0,0.0,0.0,"12+","Teen","Entertainment","VIDEO_PLAYERS","Video Players & Editors"
"Dude Perfect","both",455000.0,600000,120000,25000.0,120,4.5,4.5,4.5,9763,97,0.99,0.0,0.98,"4+","Everyone","Games","SPORTS","Sports"
"Dude Perfect 2","both",455000.0,600000,120000,25000.0,120,4.5,4.5,4.5,28361,401648,0.0,0.0,0.0,"4+","Everyone","Games","GAME","Action"
"Dumb Ways to Die 2: The Games","both",431000.0,570000,114000,25000.0,114,4.0,4.2,4.2,11295,1671658,0.0,0.0,0.0,"12+","Teen","Games","FAMILY","Casual"
"Earn to Die 2","both",455000.0,600000,120000,25000.0,120,4.5,4.6,4.6,3072,1327269,1.99,0.0,0.0,"12+","Teen","Games","GAME","Racing"
"Edmodo","both",407000.0,540000,108000,25000.0,108,3.5,4.1,4.08,7197,200214,0.0,0.0,0.0,"4+","Everyone","Education","FAMILY","Education"
"Egg, Inc.","both",479000.0,630000,126000,25000.0,126,5.0,4.7,4.74,79074,580160,0.0,0.0,0.0,"4+","Everyone","Games","FAMILY","Simulation"
"Endless Ducker","both",455000.0,600000,120000,25000.0,120,4.0,4.5,4.46,639,8193,0.0,0.0,0.0,"4+","Everyone","Games","GAME","Arcade"
"Episode - Choose Your Story","both",431000.0,570000,114000,25000.0,114,4.5,4.3,4.32,155903,1842381,0.0,0.0,0.0,"12+","Teen","Games","FAMILY","Simulation"
"Epson iPrint","both",407000.0,540000,108000,25000.0,108,3.0,4.1,4.07,2838,108169,0.0,0.0,0.0,"4+","Everyone","Photo & Video","TOOLS","Tools"
"F-Sim Space Shuttle","both",430100.0,600000,120000,49900.0,120,4.5,4.4,4.45,6403,5427,4.99,4.99,4.99,"4+","Everyone","Games","FAMILY","Simulation"
"Facebook","both",407000.0,540000,108000,25000.0,108,3.5,4.1,4.08,2974676,78158306,0.0,0.0,0.0,"4+","Teen","Social Networking","SOCIAL","Social"
"Fallout Shelter","both",455000.0,600000,120000,25000.0,120,4.5,4.6,4.59,199396,2721923,0.0,0.0,0.0,"12+","Teen","Games","FAMILY","Simulation"
"Fandango Movies - Times + Tickets","both",431000.0,570000,114000,25000.0,114,4.0,4.6,4.27,291787,243747,0.0,0.0,0.0,"4+","Teen","Entertainment","ENTERTAINMENT","Entertainment"
"Farm Heroes Saga","both",455000.0,600000,120000,25000.0,120,4.5,4.4,4.4,187579,7615646,0.0,0.0,0.0,"4+","Everyone","Games","FAMILY","Casual"
"Farming Simulator 14","both",455000.0,600000,120000,25000.0,120,4.0,4.5,4.5,3615,530904,0.0,0.0,0.0,"4+","Everyone","Games","FAMILY","Simulation;Action & Adventure"
"Farming Simulator 16","both",424612.23,570000,114000,31387.77,114,4.5,4.2,4.22,2637,32812,4.99,2.99,3.14,"4+","Everyone","Games","FAMILY","Simulation;Education"
"Fernanfloo","both",479000.0,630000,126000,25000.0,126,4.5,4.8,4.8,2886,526595,0.0,0.0,0.0,"9+","Everyone 10+","Games","GAME","Arcade"
"FINAL FANTASY BRAVE EXVIUS","both",455000.0,600000,120000,25000.0,120,4.5,4.6,4.6,28187,745684,0.0,0.0,0.0,"12+","Teen","Games","GAME","Role Playing"
"FINAL FANTASY V","both",392962.62,600000,120000,87037.38,120,4.5,4.5,4.5,1808,15924,14.99,7.99,8.7,"9+","Teen","Games","FAMILY","Role Playing"
"Firefox Focus: The privacy browser","both",455000.0,600000,120000,25000.0,120,4.0,4.4,4.39,477,36981,0.0,0.0,0.0,"17+","Everyone","Utilities","COMMUNICATION","Communication"
"Fishdom","both",455000.0,600000,120000,25000.0,120,4.5,4.6,4.6,39217,2158580,0.0,0.0,0.0,"4+","Everyone","Games","GAME","Puzzle"
"Fitbit","both",407000.0,540000,108000,25000.0,108,4.0,3.9,3.92,90496,357417,0.0,0.0,0.0,"4+","Everyone","Health & Fitness","HEALTH_AND_FITNESS","Health & Fitness"
"Five Nights at Freddy's","both",450100.0,600000,120000,29900.0,120,4.5,4.6,4.58,27388,100805,2.99,2.99,2.99,"12+","Teen","Games","GAME","Action"
"Five Nights at Freddy's 2","both",450100.0,600000,120000,29900.0,120,4.5,4.6,4.58,18107,73919,2.99,2.99,2.99,"12+","Teen","Games","FAMILY","Strategy"
"Five Nights at Freddy's 3","both",474100.0,630000,126000,29900.0,126,4.5,4.7,4.65,9876,27856,2.99,2.99,2.99,"12+","Teen","Games","GAME","Action"
"Flow Free","both",431000.0,570000,114000,25000.0,114,4.5,4.3,4.34,373857,1295625,0.0,0.0,0.0,"4+","Everyone","Games","GAME","Puzzle"
"Fly Delta","both",359000.0,480000,96000,25000.0,96,3.0,3.7,3.54,8094,27560,0.0,0.0,0.0,"4+","Everyone","Travel","TRAVEL_AND_LOCAL","Travel & Local"
"Frozen Free Fall","both",431000.0,570000,114000,25000.0,114,4.5,4.3,4.31,50593,1574546,0.0,0.0,0.0,"4+","Everyone","Games","FAMILY","Puzzle;Action & Adventure"
"Fruit Ninja Classic","both",455000.0,600000,120000,25000.0,120,4.5,4.3,4.48,698516,85468,1.99,0.99,1.88,"4+","Everyone","Games","GAME","Arcade"
"Fruit Ninja®","both",431000.0,570000,114000,25000.0,114,4.5,4.3,4.31,327025,5091448,0.0,0.0,0.0,"4+","Everyone","Games","GAME","Arcade"
"Fuel Rewards® program","both",455000.0,600000,120000,25000.0,120,4.5,4.6,4.59,2249,32433,0.0,0.0,0.0,"4+","Everyone","Shopping","LIFESTYLE","Lifestyle"
"Gear.Club - True Racing","both",455000.0,600000,120000,25000.0,120,4.5,4.4,4.4,2793,140658,0.0,0.0,0.0,"4+","Everyone","Games","GAME","Racing"
"Geocaching®","both",407000.0,540000,108000,25000.0,108,3.5,4.1,4.0,12811,62616,0.0,0.0,0.0,"4+","Teen","Navigation","HEALTH_AND_FITNESS","Health & Fitness"
"Geometry Dash Lite","both",455000.0,600000,120000,25000.0,120,5.0,4.5,4.53,370370,6181640,0.0,0.0,0.0,"4+","Everyone","Games","GAME","Arcade"
"Geometry Dash Meltdown","both",455000.0,600000,120000,25000.0,120,4.5,4.6,4.59,117470,1591129,0.0,0.0,0.0,"4+","Everyone","Games","GAME","Arcade"
"Geometry Dash World","both",455000.0,600000,120000,25000.0,120,4.5,4.6,4.6,5114,760628,0.0,0.0,0.0,"4+","Everyone","Games","GAME","Arcade"
"Get 'Em","both",407000.0,540000,108000,25000.0,108,4.0,4.1,4.1,40,7904,0.99,0.0,0.0,"9+","Everyone 10+","Games","GAME","Action"
"GMX Mail","both",431000.0,570000,114000,25000.0,114,4.5,4.3,4.3,102,258556,0.0,0.0,0.0,"4+","Everyone","Productivity","COMMUNICATION","Communication"
"Google Classroom","both",431000.0,570000,114000,25000.0,114,4.0,4.2,4.18,5942,69498,0.0,0.0,0.0,"4+","Everyone","Education","EDUCATION","Education"
"Google Docs","both",431000.0,570000,114000,25000.0,114,4.5,4.3,4.31,64259,815981,0.0,0.0,0.0,"4+","Everyone","Productivity","PRODUCTIVITY","Productivity"
"Google Earth","both",431000.0,570000,114000,25000.0,114,3.5,4.3,4.17,446185,2339098,0.0,0.0,0.0,"4+","Everyone","Travel","TRAVEL_AND_LOCAL","Travel & Local"
"Google Play Movies & TV","both",383000.0,510000,102000,25000.0,102,3.0,3.7,3.7,1195,906384,0.0,0.0,0.0,"12+","Teen","Entertainment","VIDEO_PLAYERS","Video Players & Editors"
"Google Sheets","both",431000.0,570000,114000,25000.0,114,4.5,4.3,4.31,24602,496399,0.0,0.0,0.0,"4+","Everyone","Productivity","PRODUCTIVITY","Productivity"
"Google Slides","both",431000.0,570000,114000,25000.0,114,4.0,4.2,4.19,9920,244567,0.0,0.0,0.0,"4+","Everyone","Productivity","PRODUCTIVITY","Productivity"
"Google Street View","both",431000.0,570000,114000,25000.0,114,4.0,4.2,4.2,1450,2129707,0.0,0.0,0.0,"4+","Everyone","Travel","TRAVEL_AND_LOCAL","Travel & Local"
"Google Translate","both",455000.0,600000,120000,25000.0,120,3.5,4.4,4.4,26786,5745093,0.0,0.0,0.0,"4+","Everyone","Reference","TOOLS","Tools"
"Grand Theft Auto: San Andreas","both",386100.0,570000,114000,69900.0,114,4.0,4.4,4.37,32533,348962,6.99,6.99,6.99,"17+","Mature 17+","Games","GAME","Action"
"GroupMe","both",455000.0,600000,120000,25000.0,120,4.5,4.5,4.5,28260,330761,0.0,0.0,0.0,"4+","Everyone","Social Networking","COMMUNICATION","Communication"
"H&M","both",383000.0,510000,102000,25000.0,102,3.0,3.7,3.69,687,41941,0.0,0.0,0.0,"4+","Everyone","Shopping","LIFESTYLE","Lifestyle"
"H*nest Meditation","both",479000.0,630000,126000,25000.0,126,4.5,4.9,4.79,55,145,1.99,1.99,1.99,"17+","Mature 17+","Entertainment","LIFESTYLE","Lifestyle"
"Hangouts","both",407000.0,540000,108000,25000.0,108,4.0,4.0,4.0,36404,3419513,0.0,0.0,0.0,"4+","Everyone","Social Networking","COMMUNICATION","Communication"
"Hay Day","both",455000.0,600000,120000,25000.0,120,4.5,4.5,4.5,567344,10053186,0.0,0.0,0.0,"4+","Everyone","Games","FAMILY","Casual"
"Hill Climb Racing","both",455000.0,600000,120000,25000.0,120,4.5,4.4,4.4,108183,8923847,0.0,0.0,0.0,"9+","Everyone","Games","GAME","Racing"
"Hill Climb Racing 2","both",455000.0,600000,120000,25000.0,120,4.5,4.6,4.6,33854,2750645,0.0,0.0,0.0,"9+","Everyone","Games","GAME","Racing"
"Hitman GO","both",455000.0,600000,120000,25000.0,120,4.5,4.6,4.59,8673,84114,4.99,0.99,1.36,"9+","Everyone 10+","Games","FAMILY","Puzzle"
"Hitman Sniper","both",455000.0,600000,120000,25000.0,120,4.5,4.6,4.6,8452,408292,0.99,0.99,0.99,"17+","Mature 17+","Games","GAME","Action"
"Hot Wheels: Race Off","both",455000.0,600000,120000,25000.0,120,4.5,4.5,4.5,3141,520654,0.0,0.0,0.0,"4+","Everyone","Games","FAMILY","Racing;Action & Adventure"
"Hungry Shark Evolution","both",455000.0,600000,120000,25000.0,120,4.5,4.5,4.5,83784,6074627,0.0,0.0,0.0,"12+","Teen","Games","GAME","Arcade"
"Hungry Shark World","both",455000.0,600000,120000,25000.0,120,4.5,4.5,4.5,24057,1243017,0.0,0.0,0.0,"12+","Teen","Games","GAME","Action"
"I am Bread","both",358100.0,510000,102000,49900.0,102,3.5,4.0,3.66,1394,630,4.99,4.99,4.99,"4+","Everyone","Games","GAME","Adventure"
"iFunny :)","both",431000.0,570000,114000,25000.0,114,3.5,4.4,4.25,98344,503757,0.0,0.0,0.0,"17+","Mature 17+","Entertainment","FAMILY","Entertainment"
"Indeed Job Search","both",431000.0,570000,114000,25000.0,114,4.0,4.3,4.28,38681,674730,0.0,0.0,0.0,"4+","Everyone","Business","BUSINESS","Business"
"Infinite Painter","both",407000.0,540000,108000,25000.0,108,4.0,4.1,4.1,65,36815,0.0,0.0,0.0,"4+","Everyone","Productivity","ART_AND_DESIGN","Art & Design"
"Ingress","both",431000.0,570000,114000,25000.0,114,3.5,4.3,4.29,2739,391325,0.0,0.0,0.0,"9+","Everyone","Games","GAME","Adventure"
"Injustice: Gods Among Us","both",455000.0,600000,120000,25000.0,120,4.5,4.4,4.42,612532,2440877,0.0,0.0,0.0,"12+","Teen","Games","GAME","Action"
"Inside Out Thought Bubbles","both",455000.0,600000,120000,25000.0,120,4.5,4.4,4.4,21881,623398,0.0,0.0,0.0,"4+","Everyone","Games","FAMILY","Puzzle;Brain Games"
"Instagram","both",455000.0,600000,120000,25000.0,120,4.5,4.5,4.5,2161558,66577446,0.0,0.0,0.0,"12+","Teen","Photo & Video","SOCIAL","Social"
"Jetpack Joyride","both",455000.0,600000,120000,25000.0,120,4.5,4.4,4.41,405647,4638163,0.0,0.0,0.0,"9+","Everyone 10+","Games","GAME","Arcade"
"Just Dance Now","both",431000.0,570000,114000,25000.0,114,3.5,4.2,4.2,2535,794058,0.0,0.0,0.0,"4+","Everyone","Games","GAME","Music"
"Kids A-Z","both",431000.0,570000,114000,25000.0,114,3.5,4.2,4.13,2887,26426,0.0,0.0,0.0,"4+","Everyone","Education","FAMILY","Education;Education"
"Kik","both",431000.0,570000,114000,25000.0,114,4.0,4.3,4.27,260965,2451136,0.0,0.0,0.0,"12+","Teen","Social Networking","COMMUNICATION","Communication"
"King of Avalon: Dragon Warfare","both",431000.0,570000,114000,25000.0,114,4.0,4.2,4.2,3326,306652,0.0,0.0,0.0,"9+","Everyone 10+","Games","FAMILY","Strategy"
"LEGO Batman: DC Super Heroes","both",382100.0,540000,108000,49900.0,108,4.0,4.2,4.05,7717,2557,4.99,4.99,4.99,"9+","Everyone 10+","Games","FAMILY","Adventure;Action & Adventure"
"LEGO® Friends","both",406100.0,570000,114000,49900.0,114,4.0,4.4,4.27,400,854,4.99,4.99,4.99,"4+","Everyone","Games","FAMILY","Casual;Pretend Play"
"LEGO® Juniors Create & Cruise","both",407000.0,540000,108000,25000.0,108,4.0,4.1,4.1,6152,673203,0.0,0.0,0.0,"4+","Everyone","Games","FAMILY","Educational;Action & Adventure"
"LinkedIn","both",431000.0,570000,114000,25000.0,114,3.5,4.2,4.16,71856,1225367,0.0,0.0,0.0,"4+","Everyone","Social Networking","SOCIAL","Social"
"Mad Libs","both",311000.0,420000,84000,25000.0,84,3.0,4.0,3.06,117889,8126,0.0,0.0,0.0,"4+","Everyone","Entertainment","FAMILY","Entertainment;Brain Games"
"Mad Skills Motocross","both",407000.0,540000,108000,25000.0,108,4.5,4.0,4.11,9341,32522,0.99,0.0,0.22,"12+","Everyone","Games","GAME","Racing"
"MARVEL Avengers Academy","both",431000.0,570000,114000,25000.0,114,4.0,4.2,4.19,17376,304106,0.0,0.0,0.0,"9+","Teen","Games","GAME","Adventure"
"MARVEL Contest of Champions","both",431000.0,570000,114000,25000.0,114,4.5,4.3,4.32,233599,2468915,0.0,0.0,0.0,"12+","Teen","Games","GAME","Action"
"MARVEL Future Fight","both",455000.0,600000,120000,25000.0,120,4.5,4.6,4.6,20906,2354042,0.0,0.0,0.0,"9+","Everyone 10+","Games","FAMILY","Role Playing"
"McDonald's","both",359000.0,480000,96000,25000.0,96,2.0,3.6,3.56,4050,145646,0.0,0.0,0.0,"4+","Everyone","Food & Drink","FOOD_AND_DRINK","Food & Drink"
"Messenger","both",335000.0,450000,90000,25000.0,90,3.0,4.1,3.18,351466,68025,0.0,0.0,0.0,"4+","Everyone","Social Networking","SOCIAL","Social"
"Microsoft Excel","both",455000.0,600000,120000,25000.0,120,4.5,4.5,4.5,24430,1079616,0.0,0.0,0.0,"4+","Everyone","Productivity","PRODUCTIVITY","Productivity"
"Microsoft OneNote","both",455000.0,600000,120000,25000.0,120,4.5,4.4,4.41,39638,480643,0.0,0.0,0.0,"4+","Everyone","Productivity","PRODUCTIVITY","Productivity"
"Microsoft PowerPoint","both",455000.0,600000,120000,25000.0,120,4.0,4.5,4.49,10939,618798,0.0,0.0,0.0,"4+","Everyone","Productivity","PRODUCTIVITY","Productivity"
"Microsoft Word","both",455000.0,600000,120000,25000.0,120,4.5,4.5,4.5,47999,2084126,0.0,0.0,0.0,"4+","Everyone","Productivity","PRODUCTIVITY","Productivity"
"Mobile Strike","both",407000.0,540000,108000,25000.0,108,3.5,3.9,3.89,24935,903392,0.0,0.0,0.0,"12+","Everyone 10+","Games","FAMILY","Strategy"
"MORTAL KOMBAT X","both",455000.0,600000,120000,25000.0,120,4.5,4.4,4.4,114475,3039889,0.0,0.0,0.0,"17+","Mature 17+","Games","GAME","Action"
"MTV","both",359000.0,480000,96000,25000.0,96,2.5,3.8,3.61,5987,35279,0.0,0.0,0.0,"12+","Teen","Entertainment","ENTERTAINMENT","Entertainment"
"Muscle Premium - Human Anatomy, Kinesiology, Bones","both",265465.85,600000,120000,214534.15,120,4.5,4.2,4.41,406,168,19.99,24.99,21.45,"12+","Everyone","Medical","MEDICAL","Medical"
"My College Bookstore","both",311000.0,420000,84000,25000.0,84,2.5,3.2,3.02,225,661,0.0,0.0,0.0,"4+","Everyone","Shopping","SHOPPING","Shopping"
"My Emma :)","both",407000.0,540000,108000,25000.0,108,4.5,4.1,4.11,8412,245839,0.0,0.0,0.0,"4+","Everyone","Games","FAMILY","Casual"
"My Horse","both",455000.0,600000,120000,25000.0,120,4.5,4.5,4.5,293857,1333338,0.0,0.0,0.0,"4+","Everyone","Games","FAMILY","Casual"
"My Little Pony: Harmony Quest","both",407000.0,540000,108000,25000.0,108,4.0,4.1,4.1,2265,148405,0.0,0.0,0.0,"4+","Everyone","Entertainment","FAMILY","Casual;Action & Adventure"
"My Movies Pro - Movie & TV Collection Library","both",400100.0,600000,120000,79900.0,120,4.5,4.6,4.58,1309,6477,7.99,7.99,7.99,"12+","Everyone","Catalogs","LIFESTYLE","Lifestyle"
"My Talking Angela","both",455000.0,600000,120000,25000.0,120,4.5,4.5,4.5,54549,9883367,0.0,0.0,0.0,"4+","Everyone","Games","GAME","Casual"
"My Talking Pet","both",447847.0,600000,120000,32153.0,120,4.5,4.6,4.54,9035,6238,1.99,4.99,3.22,"4+","Everyone","Entertainment","ENTERTAINMENT","Entertainment"
"My Talking Tom","both",455000.0,600000,120000,25000.0,120,4.5,4.5,4.5,123859,14892469,0.0,0.0,0.0,"4+","Everyone","Games","GAME","Casual"
"myAT&T","both",335000.0,450000,90000,25000.0,90,3.0,3.7,3.3,108507,80847,0.0,0.0,0.0,"4+","Everyone","Utilities","PRODUCTIVITY","Productivity"
"myChevrolet","both",335000.0,450000,90000,25000.0,90,2.0,3.5,3.29,1083,6747,0.0,0.0,0.0,"17+","Everyone","Lifestyle","LIFESTYLE","Lifestyle"
"Narcos: Cartel Wars","both",479000.0,630000,126000,25000.0,126,4.5,4.7,4.7,4490,244797,0.0,0.0,0.0,"12+","Teen","Games","FAMILY","Strategy"
"NASCAR MOBILE","both",431000.0,570000,114000,25000.0,114,4.0,4.2,4.17,16385,80900,0.0,0.0,0.0,"4+","Everyone","Sports","SPORTS","Sports"
"NBA","both",431000.0,570000,114000,25000.0,114,3.5,4.4,4.14,43682,108318,0.0,0.0,0.0,"4+","Everyone","Sports","SPORTS","Sports"
"NBA JAM by EA SPORTS™","both",406100.0,570000,114000,49900.0,114,4.0,4.3,4.22,21648,56444,4.99,4.99,4.99,"4+","Everyone","Games","FAMILY","Sports;Action & Adventure"
"NBA LIVE Mobile Basketball","both",455000.0,600000,120000,25000.0,120,4.0,4.4,4.39,40619,1690802,0.0,0.0,0.0,"4+","Everyone","Games","SPORTS","Sports"
"NBC News","both",407000.0,540000,108000,25000.0,108,3.5,4.1,3.89,32881,63020,0.0,0.0,0.0,"12+","Everyone 10+","News","NEWS_AND_MAGAZINES","News & Magazines"
"NBC Sports","both",287000.0,390000,78000,25000.0,78,2.5,3.1,2.87,47172,78442,0.0,0.0,0.0,"4+","Everyone","Sports","SPORTS","Sports"
"NCAA Sports","both",383000.0,510000,102000,25000.0,102,2.0,3.9,3.65,636,4272,0.0,0.0,0.0,"4+","Everyone","Sports","SPORTS","Sports"
"Need for Speed™ No Limits","both",455000.0,600000,120000,25000.0,120,4.5,4.4,4.4,34998,3344300,0.0,0.0,0.0,"4+","Everyone 10+","Games","GAME","Racing"
"Netflix","both",431000.0,570000,114000,25000.0,114,3.5,4.4,4.35,308844,5456708,0.0,0.0,0.0,"4+","Teen","Entertainment","ENTERTAINMENT","Entertainment"
"NFL","both",407000.0,540000,108000,25000.0,108,2.5,4.1,4.01,27317,459797,0.0,0.0,0.0,"4+","Everyone","Sports","SPORTS","Sports"
"NHL","both",407000.0,540000,108000,25000.0,108,3.5,4.0,3.91,15554,68935,0.0,0.0,0.0,"4+","Everyone","Sports","SPORTS","Sports"
"Nick","both",431000.0,570000,114000,25000.0,114,3.5,4.2,4.13,13237,123322,0.0,0.0,0.0,"4+","Everyone 10+","Entertainment","FAMILY","Entertainment;Music & Video"
"Nyan Cat: Lost In Space","both",455000.0,600000,120000,25000.0,120,4.5,4.5,4.5,76392,371318,0.0,0.0,0.0,"4+","Everyone 10+","Games","GAME","Arcade"
"OK K.O.! Lakewood Plaza Turbo","both",455000.0,600000,120000,25000.0,120,4.5,4.5,4.5,430,76608,0.0,0.0,0.0,"9+","Everyone 10+","Games","FAMILY","Action;Action & Adventure"
"Out There Chronicles - Ep. 1","both",450642.73,600000,120000,29357.27,120,4.0,4.4,4.38,87,1516,1.99,2.99,2.94,"12+","Everyone","Games","FAMILY","Role Playing"
"PAC-MAN","both",383000.0,510000,102000,25000.0,102,3.0,4.2,3.69,508808,685981,0.0,0.0,0.0,"4+","Everyone","Games","GAME","Arcade"
"PAC-MAN Pop","both",431000.0,570000,114000,25000.0,114,4.5,4.3,4.31,1000,24877,0.0,0.0,0.0,"4+","Everyone","Games","FAMILY","Puzzle;Action & Adventure"
"Paprika Recipe Manager","both",406100.0,570000,114000,49900.0,114,4.5,4.1,4.33,1755,1268,4.99,4.99,4.99,"17+","Everyone","Food & Drink","FOOD_AND_DRINK","Food & Drink"
"PBS KIDS Video","both",407000.0,540000,108000,25000.0,108,3.5,4.2,4.07,8651,36214,0.0,0.0,0.0,"4+","Everyone","Education","FAMILY","Education;Music & Video"
"Peggle Blast","both",407000.0,540000,108000,25000.0,108,4.0,4.1,4.09,11528,166251,0.0,0.0,0.0,"9+","Everyone","Games","GAME","Card"
"Peppa Pig: Party Time","both",357050.82,480000,96000,26949.18,96,2.0,3.8,3.53,9,52,0.99,2.99,2.69,"4+","Everyone","Education","FAMILY","Educational;Pretend Play"
"PES CLUB MANAGER","both",455000.0,600000,120000,25000.0,120,4.5,4.4,4.4,3216,783025,0.0,0.0,0.0,"4+","Everyone","Games","SPORTS","Sports"
"PewDiePie's Tuber Simulator","both",479000.0,630000,126000,25000.0,126,5.0,4.8,4.81,90851,1499466,0.0,0.0,0.0,"9+","Teen","Games","FAMILY","Casual"
"Philips Hue","both",287000.0,390000,78000,25000.0,78,1.5,3.1,2.83,1999,10006,0.0,0.0,0.0,"4+","Everyone","Lifestyle","LIFESTYLE","Lifestyle"
"Photo Editor-","both",431000.0,570000,114000,25000.0,114,4.5,4.3,4.32,9095,68071,0.0,0.0,0.0,"4+","Everyone","Photo & Video","PHOTOGRAPHY","Photography"
"Photo Editor by Aviary","both",455000.0,600000,120000,25000.0,120,4.5,4.4,4.4,39501,1490732,0.0,0.0,0.0,"12+","Everyone","Photo & Video","PHOTOGRAPHY","Photography"
"PicsArt Photo Studio: Collage Maker & Pic Editor","both",455000.0,600000,120000,25000.0,120,4.5,4.5,4.5,29078,7594559,0.0,0.0,0.0,"12+","Teen","Photo & Video","PHOTOGRAPHY","Photography"
"Pineapple Pen","both",431000.0,570000,114000,25000.0,114,4.5,4.3,4.31,6430,157264,0.0,0.0,0.0,"4+","Everyone","Games","GAME","Arcade"
"Pinterest","both",455000.0,600000,120000,25000.0,120,4.5,4.6,4.58,1061624,4305441,0.0,0.0,0.0,"12+","Teen","Social Networking","SOCIAL","Social"
"Plants vs. Zombies™ 2","both",455000.0,600000,120000,25000.0,120,4.5,4.4,4.43,267394,567632,0.0,0.0,0.0,"9+","Everyone 10+","Games","FAMILY","Casual"
"Plants vs. Zombies™ Heroes","both",455000.0,600000,120000,25000.0,120,4.5,4.4,4.4,16305,379415,0.0,0.0,0.0,"9+","Everyone","Games","FAMILY","Casual;Action & Adventure"
"Please, Don't Touch Anything","both",406100.0,570000,114000,49900.0,114,4.0,4.4,4.33,379,1771,4.99,4.99,4.99,"9+","Teen","Games","FAMILY","Puzzle"
"Pocket Yoga","both",450100.0,600000,120000,29900.0,120,4.5,4.4,4.47,4475,2107,2.99,2.99,2.99,"4+","Everyone","Health & Fitness","HEALTH_AND_FITNESS","Health & Fitness"
"Pokémon GO","both",407000.0,540000,108000,25000.0,108,3.0,4.1,4.07,257627,10424925,0.0,0.0,0.0,"9+","Everyone","Games","GAME","Adventure"
"Pou","both",431000.0,570000,114000,25000.0,114,4.5,4.3,4.3,3783,10486018,0.0,0.0,0.0,"4+","Everyone","Games","GAME","Casual"
"Premier League - Official App","both",431000.0,570000,114000,25000.0,114,3.5,4.3,4.29,791,63782,0.0,0.0,0.0,"12+","Everyone","Sports","SPORTS","Sports"
"Puffin Browser Pro","both",368100.0,510000,102000,39900.0,102,3.5,4.0,3.85,7565,18247,3.99,3.99,3.99,"17+","Everyone","Utilities","COMMUNICATION","Communication"
"Puffin Web Browser","both",431000.0,570000,114000,25000.0,114,4.0,4.3,4.29,11677,541661,0.0,0.0,0.0,"17+","Everyone","Utilities","COMMUNICATION","Communication"
"Real Basketball","both",455000.0,600000,120000,25000.0,120,4.5,4.5,4.5,198050,1605267,0.0,0.0,0.0,"4+","Everyone","Games","SPORTS","Sports"
"Real Racing 3","both",455000.0,600000,120000,25000.0,120,4.5,4.5,4.5,164483,354454,0.0,0.0,0.0,"4+","Everyone","Games","FAMILY","Racing;Action & Adventure"
"Red Ball 4","both",455000.0,600000,120000,25000.0,120,4.5,4.4,4.4,9818,1432447,0.99,0.0,0.01,"4+","Everyone","Games","GAME","Arcade"
"Redbox","both",383000.0,510000,102000,25000.0,102,3.0,4.1,3.72,60236,115033,0.0,0.0,0.0,"12+","Everyone","Entertainment","ENTERTAINMENT","Entertainment"
"Regal Cinemas","both",431000.0,570000,114000,25000.0,114,4.5,4.3,4.36,13257,32732,0.0,0.0,0.0,"4+","Everyone","Entertainment","ENTERTAINMENT","Entertainment"
"Retro City Rampage DX","both",471290.08,630000,126000,32709.92,126,4.5,4.7,4.67,68,416,4.99,2.99,3.27,"12+","Teen","Games","GAME","Action"
"Riptide GP: Renegade","both",474100.0,630000,126000,29900.0,126,4.5,4.7,4.68,412,4328,2.99,2.99,2.99,"9+","Everyone 10+","Games","GAME","Racing"
"RISK: Global Domination","both",407000.0,540000,108000,25000.0,108,4.0,4.0,4.0,5217,68559,0.0,0.0,0.0,"9+","Everyone","Games","FAMILY","Board;Action & Adventure"
"ROBLOX","both",455000.0,600000,120000,25000.0,120,4.5,4.5,4.5,183621,4450890,0.0,0.0,0.0,"12+","Everyone 10+","Games","FAMILY","Adventure;Action & Adventure"
"RollerCoaster Tycoon® Classic","both",420100.0,600000,120000,59900.0,120,4.0,4.6,4.51,1794,10795,5.99,5.99,5.99,"4+","Everyone","Games","GAME","Simulation"
"Rolling Sky","both",455000.0,600000,120000,25000.0,120,4.5,4.5,4.5,30670,1117212,0.0,0.0,0.0,"4+","Everyone","Games","GAME","Board"
"Sago Mini Babies","both",442267.18,600000,120000,37732.82,120,4.0,4.5,4.39,70,253,2.99,3.99,3.77,"4+","Everyone","Education","FAMILY","Education;Pretend Play"
"Score! Hero","both",455000.0,600000,120000,25000.0,120,4.5,4.6,4.6,85395,5419676,0.0,0.0,0.0,"4+","Everyone","Games","GAME","Sports"
"Seven - 7 Minute Workout Training Challenge","both",455000.0,600000,120000,25000.0,120,4.5,4.5,4.5,6808,75571,0.0,0.0,0.0,"4+","Everyone","Health & Fitness","HEALTH_AND_FITNESS","Health & Fitness"
"Shadow Fight 2","both",455000.0,600000,120000,25000.0,120,4.5,4.6,4.6,99206,10981850,0.0,0.0,0.0,"12+","Everyone 10+","Games","GAME","Action"
"Shopkins World!","both",431000.0,570000,114000,25000.0,114,4.0,4.3,4.29,3047,169609,0.0,0.0,0.0,"4+","Everyone","Games","FAMILY","Arcade;Action & Adventure"
"SHOWTIME","both",407000.0,540000,108000,25000.0,108,2.5,4.2,4.05,1214,12398,0.0,0.0,0.0,"17+","Teen","Entertainment","ENTERTAINMENT","Entertainment"
"SimCity BuildIt","both",455000.0,600000,120000,25000.0,120,4.5,4.5,4.5,198338,4218587,0.0,0.0,0.0,"4+","Everyone 10+","Games","FAMILY","Simulation"
"Sky News","both",407000.0,540000,108000,25000.0,108,3.0,4.0,4.0,118,30287,0.0,0.0,0.0,"12+","Everyone 10+","News","NEWS_AND_MAGAZINES","News & Magazines"
"slither.io","both",455000.0,600000,120000,25000.0,120,3.5,4.4,4.38,107817,5235294,0.0,0.0,0.0,"4+","Everyone","Games","GAME","Action"
"Smash Hit","both",455000.0,600000,120000,25000.0,120,4.5,4.5,4.5,126233,4147718,0.0,0.0,0.0,"4+","Everyone","Games","GAME","Arcade"
"Smashy Road: Arena","both",431000.0,570000,114000,25000.0,114,4.5,4.3,4.31,3207,45558,0.0,0.0,0.0,"9+","Everyone 10+","Games","GAME","Action"
"Snapchat","both",407000.0,540000,108000,25000.0,108,2.5,4.0,3.97,323905,17015352,0.0,0.0,0.0,"12+","Teen","Photo & Video","SOCIAL","Social"
"Snapseed","both",455000.0,600000,120000,25000.0,120,4.0,4.5,4.49,8683,823109,0.0,0.0,0.0,"4+","Everyone","Photo & Video","PHOTOGRAPHY","Photography"
"SNCF","both",359000.0,480000,96000,25000.0,96,1.5,3.4,3.4,7,15750,0.0,0.0,0.0,"4+","Everyone","Travel","TRAVEL_AND_LOCAL","Travel & Local"
"Solitaire","both",455000.0,600000,120000,25000.0,120,4.5,4.7,4.55,679055,254258,0.0,0.0,0.0,"4+","Everyone","Games","GAME","Card"
"Sonic Dash","both",455000.0,600000,120000,25000.0,120,4.5,4.5,4.5,418033,3778921,0.0,0.0,0.0,"4+","Everyone","Games","GAME","Arcade"
"SONIC Drive-In","both",431000.0,570000,114000,25000.0,114,4.0,4.3,4.28,1645,19373,0.0,0.0,0.0,"4+","Everyone","Food & Drink","FOOD_AND_DRINK","Food & Drink"
"Southwest Airlines","both",359000.0,480000,96000,25000.0,96,3.0,3.9,3.4,30552,24781,0.0,0.0,0.0,"4+","Everyone","Travel","TRAVEL_AND_LOCAL","Travel & Local"
"Speedtest by Ookla","both",431000.0,570000,114000,25000.0,114,3.5,4.4,4.35,65016,1028794,0.0,0.0,0.0,"4+","Everyone","Utilities","TOOLS","Tools"
"Star Chart","both",431000.0,570000,114000,25000.0,114,4.5,4.3,4.32,13482,128808,0.0,0.0,0.0,"4+","Everyone","Education","FAMILY","Education;Education"
"Star Wars™: Galaxy of Heroes","both",455000.0,600000,120000,25000.0,120,4.5,4.5,4.5,122260,1461698,0.0,0.0,0.0,"9+","Everyone 10+","Games","FAMILY","Role Playing"
"Starbucks","both",455000.0,600000,120000,25000.0,120,4.5,4.5,4.5,303856,455496,0.0,0.0,0.0,"4+","Everyone","Food & Drink","FOOD_AND_DRINK","Food & Drink"
"STARZ","both",431000.0,570000,114000,25000.0,114,3.5,4.3,4.23,8971,88185,0.0,0.0,0.0,"17+","Mature 17+","Entertainment","ENTERTAINMENT","Entertainment"
"Storm Shield","both",407000.0,540000,108000,25000.0,108,4.5,3.5,4.06,2516,2000,2.99,0.0,1.67,"12+","Everyone","Weather","WEATHER","Weather"
"Subway Surfers","both",455000.0,600000,120000,25000.0,120,4.5,4.5,4.5,706110,27725352,0.0,0.0,0.0,"9+","Everyone 10+","Games","GAME","Arcade"
"sugar, sugar","both",431000.0,570000,114000,25000.0,114,4.5,4.2,4.23,139,1405,0.99,1.2,1.18,"4+","Everyone","Games","FAMILY","Puzzle"
"Summoners War","both",431000.0,570000,114000,25000.0,114,4.5,4.3,4.31,137122,2045554,0.0,0.0,0.0,"12+","Teen","Games","GAME","Role Playing"
"Super Jabber Jump","both",431000.0,570000,114000,25000.0,114,4.5,4.3,4.3,612,85882,0.0,0.0,0.0,"4+","Everyone","Games","GAME","Arcade"
"Super Mario Run","both",359000.0,480000,96000,25000.0,96,2.5,3.7,3.62,87958,1221896,0.0,0.0,0.0,"4+","Everyone","Games","GAME","Action"
"Swamp Attack","both",455000.0,600000,120000,25000.0,120,4.5,4.4,4.4,16968,2119235,0.0,0.0,0.0,"17+","Everyone 10+","Games","GAME","Action"
"T-Mobile","both",431000.0,570000,114000,25000.0,114,4.0,4.3,4.29,19977,482630,0.0,0.0,0.0,"4+","Everyone","Productivity","TOOLS","Tools"
"T-Mobile Tuesdays","both",407000.0,540000,108000,25000.0,108,2.5,4.0,3.91,3213,53144,0.0,0.0,0.0,"17+","Everyone","Lifestyle","LIFESTYLE","Lifestyle"
"Talking Ginger 2","both",431000.0,570000,114000,25000.0,114,4.5,4.2,4.2,8311,702975,0.0,0.0,0.0,"4+","Everyone","Entertainment","ENTERTAINMENT","Entertainment"
"Talking Tom Bubble Shooter","both",455000.0,600000,120000,25000.0,120,4.5,4.4,4.4,2659,687136,0.0,0.0,0.0,"4+","Everyone","Games","FAMILY","Casual"
"TED","both",455000.0,600000,120000,25000.0,120,3.5,4.6,4.57,5782,181961,0.0,0.0,0.0,"12+","Everyone 10+","Education","FAMILY","Education"
"Temple Run","both",431000.0,570000,114000,25000.0,114,4.5,4.3,4.36,1724546,4000433,0.0,0.0,0.0,"9+","Everyone","Games","GAME","Arcade"
"Temple Run 2","both",431000.0,570000,114000,25000.0,114,4.5,4.3,4.31,295211,8119154,0.0,0.0,0.0,"9+","Everyone","Games","GAME","Action"
"The CW","both",455000.0,600000,120000,25000.0,120,4.5,4.4,4.43,97368,288209,0.0,0.0,0.0,"12+","Teen","Entertainment","FAMILY","Entertainment"
"The EO Bar","both",434100.0,630000,126000,69900.0,126,5.0,4.7,4.81,247,416,6.99,6.99,6.99,"4+","Everyone","Health & Fitness","HEALTH_AND_FITNESS","Health & Fitness"
"The Game of Life","both",450100.0,600000,120000,29900.0,120,4.5,4.4,4.41,2298,18652,2.99,2.99,2.99,"4+","Everyone","Games","GAME","Board"
"The Guardian","both",479000.0,630000,126000,25000.0,126,5.0,4.7,4.71,8176,247992,0.0,0.0,0.0,"12+","Teen","News","NEWS_AND_MAGAZINES","News & Magazines"
"The Simpsons™: Tapped Out","both",431000.0,570000,114000,25000.0,114,4.0,4.3,4.21,274501,636995,0.0,0.0,0.0,"12+","Teen","Games","FAMILY","Casual"
"The Sims™ FreePlay","both",431000.0,570000,114000,25000.0,114,4.5,4.3,4.36,446880,931595,0.0,0.0,0.0,"12+","Teen","Games","GAME","Simulation"
"The Washington Post Classic","both",455000.0,600000,120000,25000.0,120,4.5,4.5,4.5,18572,23158,0.0,0.0,0.0,"12+","Everyone 10+","News","NEWS_AND_MAGAZINES","News & Magazines"
"Thomas & Friends: Race On!","both",407000.0,540000,108000,25000.0,108,3.0,4.1,4.1,89,29319,0.0,0.0,0.0,"4+","Everyone","Games","FAMILY","Casual;Action & Adventure"
"Threema","both",450100.0,600000,120000,29900.0,120,4.5,4.5,4.5,196,51110,2.99,2.99,2.99,"4+","Everyone","Social Networking","COMMUNICATION","Communication"
"Timehop","both",407000.0,540000,108000,25000.0,108,3.5,4.1,3.96,49510,161610,0.0,0.0,0.0,"4+","Teen","Social Networking","SOCIAL","Social"
"Tinder","both",407000.0,540000,108000,25000.0,108,3.5,4.0,3.98,143040,2789775,0.0,0.0,0.0,"17+","Mature 17+","Lifestyle","LIFESTYLE","Lifestyle"
"Tiny Archers","both",455000.0,600000,120000,25000.0,120,4.0,4.5,4.5,568,80678,0.0,0.0,0.0,"12+","Mature 17+","Games","GAME","Action"
"Toca Builders","both",446152.19,600000,120000,33847.81,120,4.5,4.2,4.38,5102,3328,2.99,3.99,3.38,"4+","Everyone","Education","FAMILY","Education;Creativity"
"Toca Kitchen 2","both",455000.0,600000,120000,25000.0,120,4.5,4.5,4.5,1858,1014846,2.99,0.0,0.01,"4+","Everyone","Education","FAMILY","Educational;Pretend Play"
"Toca Life: City","both",465129.97,630000,126000,38870.03,126,4.5,4.7,4.68,3571,31100,2.99,3.99,3.89,"4+","Everyone","Education","FAMILY","Education;Pretend Play"
"Tom's Love Letters","both",407000.0,540000,108000,25000.0,108,4.0,4.1,4.1,27711,705805,0.0,0.0,0.0,"4+","Everyone","Entertainment","FAMILY","Entertainment"
"Tom Loves Angela","both",407000.0,540000,108000,25000.0,108,4.0,4.1,4.1,1151,1111915,0.99,0.0,0.0,"4+","Everyone","Entertainment","FAMILY","Entertainment"
"Tomb of the Mask","both",431000.0,570000,114000,25000.0,114,4.5,4.1,4.15,8054,55380,0.0,0.0,0.0,"9+","Everyone","Games","GAME","Action"
"Township","both",455000.0,600000,120000,25000.0,120,4.5,4.6,4.6,80801,4451317,0.0,0.0,0.0,"4+","Everyone","Games","FAMILY","Casual"
"Toy Blast","both",479000.0,630000,126000,25000.0,126,4.5,4.7,4.69,75822,1889582,0.0,0.0,0.0,"4+","Everyone","Games","GAME","Puzzle"
"Traffic Racer","both",455000.0,600000,120000,25000.0,120,4.5,4.5,4.5,22458,5387781,0.0,0.0,0.0,"4+","Everyone","Games","GAME","Racing"
"Trello","both",455000.0,600000,120000,25000.0,120,4.5,4.5,4.5,2793,72513,0.0,0.0,0.0,"4+","Everyone","Productivity","PRODUCTIVITY","Productivity"
"Trivia Crack","both",455000.0,600000,120000,25000.0,120,4.5,4.5,4.5,393469,6427773,0.0,0.0,0.0,"4+","Everyone","Games","GAME","Trivia"
"True Skate","both",431000.0,570000,114000,25000.0,114,4.0,4.4,4.37,11065,129409,1.99,1.99,1.99,"4+","Everyone","Games","SPORTS","Sports"
"Tsuro - The Game of the Path","both",474100.0,630000,126000,29900.0,126,4.5,4.7,4.66,539,2195,2.99,2.99,2.99,"4+","Everyone","Games","FAMILY","Board;Brain Games"
"Tumblr","both",431000.0,570000,114000,25000.0,114,4.0,4.4,4.36,334293,2955326,0.0,0.0,0.0,"17+","Mature 17+","Social Networking","SOCIAL","Social"
"Twitter","both",431000.0,570000,114000,25000.0,114,3.5,4.3,4.28,354058,11667403,0.0,0.0,0.0,"17+","Mature 17+","News","NEWS_AND_MAGAZINES","News & Magazines"
"U by BB&T","both",431000.0,570000,114000,25000.0,114,2.0,4.3,4.2,790,16600,0.0,0.0,0.0,"4+","Everyone","Finance","FINANCE","Finance"
"Uber","both",431000.0,570000,114000,25000.0,114,3.0,4.2,4.19,49466,4928420,0.0,0.0,0.0,"4+","Everyone","Travel","MAPS_AND_NAVIGATION","Maps & Navigation"
"Uber Driver","both",455000.0,600000,120000,25000.0,120,3.0,4.4,4.4,3289,1254730,0.0,0.0,0.0,"4+","Everyone","Business","BUSINESS","Business"
"United Airlines","both",335000.0,450000,90000,25000.0,90,2.5,3.5,3.34,5748,30447,0.0,0.0,0.0,"4+","Everyone","Travel","TRAVEL_AND_LOCAL","Travel & Local"
"Univision Deportes: Liga MX, MLS, Fútbol En Vivo","both",407000.0,540000,108000,25000.0,108,3.5,4.2,4.07,16683,75566,0.0,0.0,0.0,"4+","Everyone","Sports","SPORTS","Sports"
"UNO ™ & Friends","both",407000.0,540000,108000,25000.0,108,4.0,4.1,4.1,68911,1728557,0.0,0.0,0.0,"9+","Everyone","Games","GAME","Card"
"USA TODAY","both",383000.0,510000,102000,25000.0,102,3.5,4.1,3.77,61724,49259,0.0,0.0,0.0,"4+","Everyone 10+","News","NEWS_AND_MAGAZINES","News & Magazines"
"USAA Mobile","both",455000.0,600000,120000,25000.0,120,4.0,4.5,4.42,19946,100997,0.0,0.0,0.0,"4+","Everyone","Finance","FINANCE","Finance"
"Verizon Cloud","both",431000.0,570000,114000,25000.0,114,4.5,4.3,4.31,6482,185632,0.0,0.0,0.0,"4+","Everyone","Productivity","PRODUCTIVITY","Productivity"
"Vikings: an Archer's Journey","both",455000.0,600000,120000,25000.0,120,4.5,4.5,4.5,94,10256,2.99,0.0,0.03,"9+","Everyone","Games","GAME","Action"
"VSCO","both",455000.0,600000,120000,25000.0,120,3.5,4.4,4.39,11174,753115,0.0,0.0,0.0,"12+","Everyone","Photo & Video","PHOTOGRAPHY","Photography"
"War Robots","both",455000.0,600000,120000,25000.0,120,4.5,4.6,4.6,97122,3073251,0.0,0.0,0.0,"12+","Everyone 10+","Games","GAME","Action"
"WatchESPN","both",407000.0,540000,108000,25000.0,108,4.0,4.1,4.06,159735,288809,0.0,0.0,0.0,"4+","Everyone","Sports","SPORTS","Sports"
"WEB.DE Mail","both",431000.0,570000,114000,25000.0,114,4.0,4.3,4.3,168,226541,0.0,0.0,0.0,"4+","Everyone","Productivity","COMMUNICATION","Communication"
"WeChat","both",431000.0,570000,114000,25000.0,114,4.5,4.2,4.2,34584,5387631,0.0,0.0,0.0,"12+","Everyone","Social Networking","COMMUNICATION","Communication"
"Wells Fargo Mobile","both",431000.0,570000,114000,25000.0,114,3.0,4.4,4.19,43064,250719,0.0,0.0,0.0,"4+","Everyone","Finance","FINANCE","Finance"
"WGT Golf Game by Topgolf","both",431000.0,570000,114000,25000.0,114,4.5,4.3,4.35,53285,148083,0.0,0.0,0.0,"17+","Everyone","Games","SPORTS","Sports"
"Whataburger","both",455000.0,600000,120000,25000.0,120,3.0,4.5,4.44,197,5093,0.0,0.0,0.0,"4+","Everyone","Food & Drink","FOOD_AND_DRINK","Food & Drink"
"WhatsApp Messenger","both",455000.0,600000,120000,25000.0,120,4.5,4.4,4.4,287589,69119316,0.0,0.0,0.0,"4+","Everyone","Social Networking","COMMUNICATION","Communication"
"Where's My Water?","both",455000.0,600000,120000,25000.0,120,4.5,4.7,4.62,131656,188740,1.99,1.99,1.99,"4+","Everyone","Games","FAMILY","Puzzle;Brain Games"
"Wish - Shopping Made Fun","both",455000.0,600000,120000,25000.0,120,4.5,4.5,4.5,141960,6212081,0.0,0.0,0.0,"12+","Everyone","Shopping","SHOPPING","Shopping"
"Wishbone - Compare Anything","both",431000.0,570000,114000,25000.0,114,4.5,4.3,4.36,20649,51569,0.0,0.0,0.0,"12+","Teen","Social Networking","SOCIAL","Social"
"WWE","both",455000.0,600000,120000,25000.0,120,4.0,4.5,4.49,7553,736864,0.0,0.0,0.0,"12+","Teen","Entertainment","ENTERTAINMENT","Entertainment"
"Xbox","both",431000.0,570000,114000,25000.0,114,4.5,4.3,4.32,72187,556659,0.0,0.0,0.0,"12+","Everyone","Entertainment","FAMILY","Entertainment"
"XCOM®: Enemy Within","both",356100.0,570000,114000,99900.0,114,4.0,4.2,4.17,2855,13752,9.99,9.99,9.99,"17+","Mature 17+","Games","FAMILY","Strategy"
"Yahoo Weather","both",455000.0,600000,120000,25000.0,120,4.5,4.4,4.41,112603,1312037,0.0,0.0,0.0,"4+","Everyone","Weather","WEATHER","Weather"
"YouNow: Live Stream Video Chat","both",407000.0,540000,108000,25000.0,108,3.5,4.1,4.08,12079,309872,0.0,0.0,0.0,"12+","Teen","Social Networking","SOCIAL","Social"
"YouTube Kids","both",455000.0,600000,120000,25000.0,120,4.5,4.5,4.5,28560,470713,0.0,0.0,0.0,"4+","Everyone","Entertainment","FAMILY","Entertainment;Music & Video"
"Zombie Catchers","both",479000.0,630000,126000,25000.0,126,4.5,4.7,4.7,16805,990796,0.0,0.0,0.0,"12+","Everyone","Games","GAME","Action"
"Zombie Tsunami","both",455000.0,600000,120000,25000.0,120,4.5,4.4,4.4,31311,4921451,0.0,0.0,0.0,"4+","Everyone 10+","Games","GAME","Arcade"
